<?xml version="1.0" encoding="UTF-8"?>
<Document xmlns="urn:iso:std:iso:20022:tech:xsd:pain.009.001.01">
    <MndtInitnReq>
        <GrpHdr>
            <MsgId>INDB300210326000500</MsgId>
            <CreDtTm>2021-03-26T00:00:00
            </CreDtTm>
            <InstgAgt>
                <FinInstnId>
                    <ClrSysMmbId>
                        <MmbId>INDB0000098</MmbId>
                    </ClrSysMmbId>
                                        <Nm>INDUSIND BANK LIMITED</Nm>
                    
                </FinInstnId>
            </InstgAgt>
            <InstdAgt>
                <FinInstnId>
                    <ClrSysMmbId>
                        <MmbId>400088133</MmbId>
                    </ClrSysMmbId>
                                        <Nm>SARASWAT CO-OP.BANK LTD.</Nm>
                    
                </FinInstnId>
            </InstdAgt>
        </GrpHdr>
        <Mndt>
            <MndtReqId>INDB300210326000500</MndtReqId>
            <Tp>
                                <SvcLvl>
                    <Prtry>L001</Prtry>
                </SvcLvl>
                                <LclInstrm>
                    <Prtry>DEBIT</Prtry>
                </LclInstrm>
            </Tp>
            <Ocrncs>
                <SeqTp>RCUR</SeqTp>
                <Frqcy>MNTH</Frqcy>
                <FrstColltnDt>2020-03-02</FrstColltnDt>
                                <FnlColltnDt>2031-02-28</FnlColltnDt>
                            </Ocrncs>
                                    <MaxAmt Ccy="INR">100000.00</MaxAmt>
                        <Cdtr>
                <Nm>evolvus</Nm>
            </Cdtr>
            <CdtrAcct>
                <Id>
                    <Othr>
                        <Id>NACH00000000023487</Id>
                    </Othr>
                </Id>
            </CdtrAcct>
            <CdtrAgt>
                <FinInstnId>
                    <ClrSysMmbId>
                        <MmbId>INDB0000098</MmbId>
                    </ClrSysMmbId>
                                        <Nm>INDUSIND BANK LIMITED</Nm>
                    
                </FinInstnId>
            </CdtrAgt>
            <Dbtr>

                                <Nm>KUMAR BHUMIKA BHUPENDRA</Nm>
                                <Id>
                    <PrvtId>
                        <Othr>

                                                        <Id>405PRFFR844885</Id>
                                                                                    <SchmeNm>
                                <Prtry>847272705</Prtry>
                            </SchmeNm>
                                                    </Othr>
                    </PrvtId>
                </Id>
                <CtctDtls>
                                                                                                </CtctDtls>
            </Dbtr>
            <DbtrAcct>
                <Id>
                    <Othr>
                        <Id>419203100000882</Id>
                    </Othr>
                </Id>
                <Tp>
                    <Prtry>SAVINGS</Prtry>
                </Tp>
            </DbtrAcct>
            <DbtrAgt>
                <FinInstnId>
                    <ClrSysMmbId>
                        <MmbId>400088133</MmbId>
                    </ClrSysMmbId>
                                        <Nm>SARASWAT CO-OP.BANK LTD.</Nm>
                    
                </FinInstnId>
            </DbtrAgt>
        </Mndt>
    </MndtInitnReq>
</Document>