<?xml version="1.0" encoding="UTF-8"?>
<Document xmlns="urn:iso:std:iso:20022:tech:xsd:pain.012.001.01">
	<MndtAccptncRpt>
		<GrpHdr>
			<MsgId>00000000001727</MsgId>
			<CreDtTm>2020-05-06T11:03:30+05:30</CreDtTm>
			<InstgAgt>
				<FinInstnId>
					<ClrSysMmbId>
						<MmbId>NPCI</MmbId>
					</ClrSysMmbId>
				</FinInstnId>
			</InstgAgt>
			<InstdAgt>
				<FinInstnId>
					<ClrSysMmbId>
						<MmbId>INDB0000098</MmbId>
					</ClrSysMmbId>
				</FinInstnId>
			</InstdAgt>
		</GrpHdr>
		<UndrlygAccptncDtls>
			<OrgnlMsgInf>
				<MsgId>INDB300200506000049</MsgId>
				<MsgNmId>pain.009.001.01</MsgNmId>
				<CreDtTm>2020-05-06T10:54:42</CreDtTm>
			</OrgnlMsgInf>
			<AccptncRslt>
				<Accptd>true</Accptd>
			</AccptncRslt>
			<OrgnlMndt>
				<OrgnlMndt>
					<MndtId>MAHB0000000004301416</MndtId>
					<MndtReqId>INDB300200506000049</MndtReqId>
					<Tp>
						<SvcLvl>
							<Prtry>L001</Prtry>
						</SvcLvl>
						<LclInstrm>
							<Prtry>DEBIT</Prtry>
						</LclInstrm>
					</Tp>
					<Ocrncs>
						<SeqTp>RCUR</SeqTp>
						<Frqcy>MNTH</Frqcy>
						<FrstColltnDt>2020-04-02</FrstColltnDt>
						<FnlColltnDt>2039-12-31</FnlColltnDt>
					</Ocrncs>
					<MaxAmt Ccy="INR">50000.00</MaxAmt>
					<Cdtr>
						<Nm>BAJAJ FINANCE LIMITED</Nm>
					</Cdtr>
					<CdtrAcct>
						<Id>
							<Othr>
								<Id>NACH00000000023487</Id>
							</Othr>
						</Id>
					</CdtrAcct>
					<CdtrAgt>
						<FinInstnId>
							<ClrSysMmbId>
								<MmbId>INDB0000098</MmbId>
							</ClrSysMmbId>
							<Nm>INDUSIND BANK LIMITED</Nm>
						</FinInstnId>
					</CdtrAgt>
					<Dbtr>
						<Nm>VAISHALI YUVARAJ LANDAGE</Nm>
						<Id>
							<PrvtId>
								<Othr>
									<Id>5Y3RFDDFO823573</Id>
									<SchmeNm>
										<Prtry>856426441</Prtry>
									</SchmeNm>
								</Othr>
							</PrvtId>
						</Id>
						<CtctDtls>
																								</CtctDtls>
					</Dbtr>
					<DbtrAcct>
						<Id>
							<Othr>
								<Id>60120566562</Id>
							</Othr>
						</Id>
						<Tp>
							<Prtry>SAVINGS</Prtry>
						</Tp>
					</DbtrAcct>
					<DbtrAgt>
						<FinInstnId>
							<ClrSysMmbId>
								<MmbId>413014017</MmbId>
							</ClrSysMmbId>
							<Nm>BANK OF MAHARASHTRA</Nm>
						</FinInstnId>
					</DbtrAgt>
				</OrgnlMndt>
			</OrgnlMndt>
		</UndrlygAccptncDtls>
	</MndtAccptncRpt>
</Document>
